{
  "Hispaniola": [48.88122, 8.58345],
  "Bahamas": [48.88163, 8.58471],
  "Cuba": [48.88127, 8.5849],
  "Anguilla": [48.88171, 8.58641],
  "Tortuga": [48.88081, 8.58606],
  "Jamaica": [48.88148, 8.58798],
  "Martinique": [48.8808, 8.58798],
  "Puerto Rico": [48.88003, 8.58764]
}
